{
  "mails": [
    {
      "mailId": "test1@gmail.com",
      "id": 1
    },
    {
      "mailId": "apsanaselected@gmail.com",
      "id": 2
    },
    {
      "mailId": "test2@gmail.com",
      "id": 3
    },
    {
      "mailId": "test3@gmail.com",
      "id": 4
    },
    {
      "mailId": "test4@gmail.com",
      "id": 5
    },
    {
      "mailId": "test5@gmail.com",
      "id": 6
    },
    {
      "mailId": "test6@gmail.com",
      "id": 7
    },
    {
      "mailId": "test7@gmail.com",
      "id": 8
    },
    {
      "mailId": "test8@gmail.com",
      "id": 9
    },
    {
      "mailId": "test9@gmail.com",
      "id": 10
    },
    {
      "mailId": "test10@gmail.com",
      "id": 11
    },
    {
      "mailId": "test11@gmail.com",
      "id": 12
    },
    {
      "mailId": "test12@gmail.com",
      "id": 13
    },
    {
      "mailId": "test13@gmail.com",
      "id": 14
    },
    {
      "mailId": "test14@gmail.com",
      "id": 15
    },
    {
      "mailId": "test15@gmail.com",
      "id": 16
    },
    {
      "mailId": "test16@gmail.com",
      "id": 17
    },
    {
      "mailId": "test17@gmail.com",
      "id": 18
    },
    {
      "mailId": "test18@gmail.com",
      "id": 19
    }
  ],
  "selectedMails": [
    {
      "mailId": "test1@gmail.com",
      "id": 1
    },
    {
      "mailId": "apsanaselected@gmail.com",
      "id": 2
    },
    {
      "mailId": "test2@gmail.com",
      "id": 3
    },
    {
      "mailId": "test18@gmail.com",
      "id": 19
    }
  ],
  "companyList": [
    {
      "companyId": 1001,
      "companyName": "company1"
    },
    {
      "companyId": 1002,
      "companyName": "company1"
    },
    {
      "companyId": 1003,
      "companyName": "company1"
    },
    {
      "companyId": 1004,
      "companyName": "company1"
    },
    {
      "companyId": 1005,
      "companyName": "company1"
    }
  ],
  "companyCodes": [
    {
      "companyId": 1001,
      "codes": [
        {
          "codeId": "1001-101",
          "codeName": "jahs12-12nksd-sdsd"
        },
        {
          "codeId": "1001-102",
          "codeName": "jahs12-12nksd-sdsd"
        },
        {
          "codeId": "1001-103",
          "codeName": "jahs12-12nksd-sdsd"
        },
        {
          "codeId": "1001-104",
          "codeName": "jahs12-12nksd-sdsd"
        }
      ]
    },
    {
      "companyId": 1002,
      "codes": [
        {
          "codeId": "1002-101",
          "codeName": "jahs12-12nksd-sdsd"
        },
        {
          "codeId": "1002-102",
          "codeName": "jahs12-12nksd-sdsd"
        },
        {
          "codeId": "1002-103",
          "codeName": "jahs12-12nksd-sdsd"
        }
      ]
    }
  ],
  "pluralTask": [
    {
      "firstName": "basha",
      "lastName": "s",
      "dateOfBirth": "2020-12-03",
      "mobile": "9966885522",
      "email": "basha.s@gmail.com",
      "id": 1
    }
  ]
}